,Targets,Predictions
0,-0.06125962179643054,-0.2001574
1,-1.1378028872478598,0.36777425
2,1.2048967990448505,1.2633774
3,-1.0938238085557432,-0.91966116
4,1.2437043622084532,1.2411644
5,0.567668111751354,0.15574127
6,-1.0213019991762016,-0.91966116
7,0.7367618625742672,0.76151836
8,1.3181836065722434,1.3063858
9,0.02247271175732515,-0.51142406
10,-0.44045237403318116,-0.4768859
11,0.40233060200161086,1.130099
12,-1.5748026007853175,-1.4654561
13,-0.827471883008716,-0.5657481
14,1.3001383287380115,1.1584562
15,-0.47724522736897884,0.07970554
16,-0.03054728318611039,0.06420016
17,-0.8524610237718887,-0.91966116
18,-0.15353919910755293,-0.29886258
19,-0.6600181410971926,-0.71437
20,3.147168478301342,3.0328603
21,0.985524295083861,1.032976
22,1.1030325243783972,-0.91966116
23,-1.111247284334928,-0.91966116
24,-0.1930604404987638,-0.19528186
25,-0.07995799644067997,0.0021736622
26,-0.19564040420686718,0.043073237
27,1.322522690108667,1.9505645
28,-0.33327686355226177,-0.27504957
29,-0.050651961545785766,0.1368505
30,-0.5168078979886571,-0.91966116
31,-0.1008923393710387,-0.06147802
32,-0.8554732452150877,-0.91966116
33,1.120121128206943,1.2203691
34,-0.39981072771059745,-0.45574486
35,1.0057473327261577,0.9802791
36,-0.9296143325251607,-0.91966116
37,0.04007116959416626,0.14912441
38,1.4291514906127463,1.2860632
39,0.4718515744330934,0.35377067
40,-0.6998238070126058,-0.4743303
41,0.13315833572085867,0.13713157
42,-0.22044042660140564,-0.06418657
43,-1.3194187345499657,-0.91966116
44,0.45587782729430765,0.25629416
45,-0.0028120182635264553,0.23597476
46,-1.3238245580760477,-0.91966116
47,-1.3238245678015315,-0.91966116
48,-0.7684755945953623,-0.71437
49,-1.1645181294156324,-0.71437
50,-0.8302311929285694,-0.71437
51,-1.263946106057281,-0.91966116
52,-0.9213290667582208,-0.91966116
53,-0.7460696216976447,-0.91966116
54,0.39141978127717564,-0.91966116
55,0.8979711207036072,0.83157957
56,0.8626960452418675,1.0712581
57,0.8345423387391967,0.299214
58,0.9545746442196555,1.1041051
59,0.9917425561180532,1.0176159
60,1.155012890328606,1.2383287
61,-0.9170063580369698,-0.91966116
62,1.2169765121085883,1.1976836
63,-0.5535366261543561,-0.30814123
64,0.16428838214862,0.15624517
65,-0.6600181410971926,-0.91966116
66,0.8415559309523839,0.96137434
67,-0.3673563243501924,-0.15722632
68,1.0388982172950505,1.1187563
69,-1.263946106057281,-0.91966116
70,1.0203387633136367,1.0977247
71,-1.4806635786694062,-1.5199107
72,-1.1460359727252305,-0.91966116
73,-0.7835513929541646,-0.69548583
74,-0.144726996613128,0.0384686
75,2.6888323574235384,2.7228227
76,-0.9660187870198691,-0.91966116
77,1.2382658068836905,1.2728298
78,-0.8469495843043625,-0.71437
79,2.0239067017841226,2.053595
80,0.5345759443027859,-0.10210669
81,-0.5722198084179955,-0.71437
82,-0.39543850961301236,-0.20868933
83,-0.07509679436666722,0.14050457
84,-0.48073056098364675,-0.27139306
85,-0.4198833475065211,-0.48656595
86,2.1991738069241835,2.7284942
87,-1.457446289316735,-0.91966116
88,-0.33467723628060897,-0.2220968
89,0.8162179180297378,0.90867746
90,1.1192467038217335,0.9280548
91,0.03238282739403947,0.073138475
92,0.5211092314557896,0.6579425
93,-0.8554732452150877,-0.36735678
94,-0.7550664171450131,-0.91966116
95,0.3233161007470705,0.8796114
96,-0.46042783820863126,-0.71437
97,-1.017468286839951,-0.91966116
98,-0.9790380084570756,-0.91966116
99,-0.13477750882872588,-0.010285854
100,1.054686610820121,1.0164344
101,1.0491472821071233,1.1175747
102,-1.1253252033525123,-0.91966116
103,-1.0069991484201772,-0.91966116
104,1.0983607399448443,1.1201742
105,0.6878604267553757,0.8803203
106,-0.39893091477470066,-0.115920484
107,-1.1008702782131152,-0.91966116
108,0.584303778935328,0.46843016
109,-1.069071794062519,-0.91966116
110,0.856187244586305,0.9006429
111,3.4204054667513635,2.559297
112,-0.7023469474115408,-0.5870826
113,-0.11293195724317757,-0.16426861
114,1.0240260265059196,1.0963069
115,1.2200724895823338,1.373025
116,1.3807714625188818,1.7114196
117,-0.4561051364876798,-0.51119184
118,2.17717449459181,1.740722
119,0.9127549985124837,1.0218695
120,1.0988313629508106,1.1052866
121,-0.35883033986758706,-0.30712903
122,-0.6757445820925153,-0.4098705
123,0.3190523887164584,-0.32231253
124,0.8853705792806024,1.0362843
125,0.09667470622299498,0.2851243
126,1.2707408543049483,1.3928748
127,1.1053401447898443,0.4484186
128,-0.8294401121722277,-0.91966116
129,1.1909245628789846,1.2888988
130,1.2234398234554085,1.317256
131,1.213531851050803,1.0351028
132,-0.7460696216976447,-0.91966116
133,0.09196708183511536,0.3111288
134,-0.8973201149991505,-0.91966116
135,-0.3156691370876794,-0.3439067
136,-0.44045237403318116,-0.29582578
137,0.36278773687215543,0.050228775
138,1.153073998943191,1.0450277
139,-0.9296143325251607,-0.91966116
140,-1.1968198389570694,-0.91966116
141,-1.0404539071614813,-0.91966116
142,-0.26084167554374305,-0.3874327
143,-0.08082447595886177,-0.08125067
144,0.8626960452418675,0.05038637
145,-0.8055775765446012,-0.71437
146,0.7142556437889481,0.88433754
147,-1.0144378454955476,-0.91966116
148,-1.4494182125106758,-1.1718386
149,1.1878397140043182,0.6942036
150,0.2639620736601125,0.67840225
151,1.2206876805829765,1.2846453
152,0.15681733475661278,0.14256585
153,-0.8598321555960676,-0.91966116
154,0.9198702473733447,0.98051536
155,1.2019596037102838,1.2742476
156,1.1969963246279962,1.1249003
157,-0.4364188755724042,-0.41965532
158,1.2465257987366445,1.205718
159,-1.58957588372434,-1.3532399
160,-0.5580943916474143,-0.42755675
161,-0.1712269751646433,0.06392932
162,-0.7553712206630276,-0.71437
163,1.2397070525569431,1.2723572
164,0.14784739317774986,0.14940551
165,1.1926241170345486,1.1490037
166,0.012207289535210485,0.011924505
167,-0.5520333377213756,-0.91966116
168,2.7231697288370045,2.9534607
169,-0.4497410001431128,-0.5375987
170,-0.7425485935581799,-0.6063845
171,-1.5587303379910304,-1.3394071
172,0.05665050848944591,0.196343
173,-0.5580943900956666,-0.42755675
174,-0.8030448774808372,-0.71437
175,0.9762970719605205,1.0065094
176,2.399682812243631,2.0233476
177,0.9862219272279639,0.92214704
178,0.9689912156719938,0.55409145
179,-1.1788724528276935,-0.91966116
180,-0.6045455060101415,-0.35149848
181,1.1878397140043182,1.3711344
182,-0.9892062162870261,-0.91966116
183,-0.2389225831420776,-0.09398097
184,0.9896847658582881,0.8907179
185,-1.0531087309165823,-0.91966116
186,0.5926860564112172,0.30372694
187,-1.084048995901549,-0.91966116
188,1.644225551917444,1.5790865
189,-0.5904875403836759,-0.60737205
190,-0.05590666943906702,0.09074426
191,-0.8166931009076903,-0.91966116
192,0.9592061319043528,1.000129
193,-0.3626743557371657,-0.318601
194,-1.019762350119817,-0.91966116
195,-0.6600181410971926,-0.29852515
196,0.2000595530058465,0.87169504
197,-0.6063523049946513,-0.49237382
198,1.1922849979202876,1.1697991
199,0.475191257990144,0.4177466
200,1.2465257987366445,1.2501441
201,-0.6973227126711469,-0.91966116
202,-0.0639740935057683,0.30626935
203,-0.4394386649041344,-0.18783331
204,-0.2646636911478521,-0.24119234
205,1.170801289750736,1.2633774
206,0.04196143801625166,0.13638201
207,1.1270220437764662,1.225568
208,-1.1802137958926116,-0.8912332
209,-1.4606500136137976,-1.2692986
210,-1.4429519698727475,-1.4414977
211,-0.7074609053561401,-0.91966116
212,2.7373730049788385,3.2748408
213,1.0394773248292033,1.1887038
214,0.1372397329271051,0.13381067
215,-0.13165150181341664,-0.28317535
216,2.9404544420100005,2.8135657
217,0.9026735852396834,0.8533811
218,0.1642883878627804,0.13956761
219,0.7417136936038171,0.8591707
220,0.8626960370588694,0.945069
221,1.0519303428185167,1.0355754
222,-0.8928492997377657,-0.91966116
223,0.4905436136464679,0.5087746
224,-0.8103414259384184,-0.5737244
225,0.6061333171144301,-0.91966116
226,1.0748098839483695,1.447226
227,2.105826106906575,2.0053883
228,-1.130929580484162,-0.91966116
229,1.0993012093332262,1.1584562
230,0.9036048899614084,0.2172859
231,1.0524837227678703,1.2236775
232,0.11183030785239292,-0.015432119
233,1.1378930204184141,1.2269858
234,-0.8074004764838694,-0.91966116
235,-0.9301753004512153,-0.91966116
236,0.7433454589001037,0.9025334
237,-0.8765627852415426,-0.91966116
238,-1.3567232895897072,-1.4013065
239,-0.2624734392882822,-0.017598987
240,-0.09143213437961549,0.13218552
241,0.6917834162407881,0.9568845
242,-1.3694531280920448,-0.91966116
243,-1.4595781122969615,-0.91966116
244,-1.497258162508638,-1.4457511
245,0.5563281156537468,-0.19975108
246,1.0417821563744283,1.0202153
247,0.9045331617002724,0.90915
248,-0.08198388658980886,0.13619465
249,-0.7778870330821507,-0.91966116
250,-0.48544464284922206,-0.71437
251,-0.9364195803095123,-0.91966116
252,0.9755748195199964,1.1646001
253,-0.0866690468711425,0.08830649
254,-0.4033571902051918,-0.24972439
255,0.8902827709643236,0.9460143
256,-0.32705861433904476,-0.20828307
257,-1.3855156934081576,-1.4099873
258,0.533900542218235,0.3040688
259,0.08067198565253098,0.1445334
260,-0.8928492998552775,-0.91966116
261,0.9506570176698118,1.0984337
262,1.236817269984968,1.3498666
263,0.6430565762288485,0.9987112
264,1.3115491666014414,1.489289
265,1.0215731348587984,1.0523534
266,1.2408548458156372,1.245418
267,-0.386048355754773,-0.29582578
268,-1.109141583416238,-0.91966116
269,-0.8096033471762641,-0.91966116
270,-1.0938238128971336,-0.91966116
271,-0.4593410287155306,-0.19541728
272,0.8149535738582444,0.8547989
273,-1.0189956186452562,-0.91966116
274,1.037736459352731,1.1225371
275,-0.8669473965833557,-0.71437
276,0.2366677129235381,0.1852903
277,1.0115458802378654,1.0192701
278,-0.1792717186196517,0.105641425
279,1.056872682769096,1.0157255
280,-0.22280521324040453,-0.20570993
281,-1.2864183357557948,-0.91966116
282,0.03432435740054775,0.4729588
283,-0.03544269327808438,0.04713607
284,-1.2585931644829744,-0.91966116
285,1.2013027834961176,1.2458906
286,-1.4849176904793495,-1.3910636
287,1.0670345356417235,1.0351028
288,-0.8737824332823071,-0.91966116
289,-1.1683621339057293,-0.91966116
290,1.0102674226026125,1.0204517
291,0.3443875166017734,0.12947693
292,-0.6451105561517599,-0.25256836
293,-0.5870782910904625,-0.71437
294,0.977017511535976,1.0540075
295,0.7196085861793251,1.1225371
296,-0.4738018189402004,-0.5039898
297,0.9189904493397897,0.667088
298,-0.9817144411690761,-0.91966116
299,-1.1815614302375061,-0.91966116
300,-0.19135329068833415,0.016529143
301,-0.516807905416929,-0.91966116
302,0.02448236634608647,0.057428718
303,-0.23741929715612647,-0.21207511
304,1.768394671936844,1.717091
305,1.0926520983955328,1.0743301
306,-0.7023469382349462,-0.26665294
307,2.8127440885585715,1.9184264
308,-1.665666371322365,-1.4598137
309,1.0004926272323378,1.0802379
310,-0.7100525432671629,-0.91966116
311,-0.4497410001431128,-0.54720116
312,-0.8899070749882382,-0.91966116
313,1.309303079959916,1.3862581
314,0.7300233253883737,0.88551915
315,-0.22614906815071698,-0.26529872
316,-0.3611305566632508,-0.27098674
317,1.1085398870860643,1.1168658
318,0.01010931333836532,0.041177213
319,1.1057994342847663,0.19004059
320,-0.15428593756112075,-0.16142464
321,-0.037922124203041425,-0.20855391
322,-0.9871434847589733,-0.91966116
323,-0.7802058638461123,-0.91966116
324,0.5422307980119115,0.8779572
325,-0.8019662546061465,-0.46302426
326,-0.01634400704427649,0.17976236
327,-0.6250762295632196,-0.605765
328,-0.7927845376643885,-0.5842562
329,0.9978286661722171,1.1362431
330,-0.8358308648478352,-0.57779
331,-0.8251277445216104,-0.91966116
332,1.9452172260951621,0.91529405
333,0.0790214068758182,-0.12512964
334,0.7433454589001037,0.54119605
335,-1.0048046928661059,-0.71437
336,1.2397070525569431,1.1471133
337,-0.9628543885207987,-0.91966116
338,-0.7206602101017564,-0.4726267
339,-0.7126678494318199,-0.91966116
340,-1.031516696442808,-0.5841013
341,1.0429276671759116,2.1036928
342,-0.933564381835829,-0.91966116
343,-0.4648167985019151,-0.51227593
344,0.18673742998688544,0.15043613
345,-0.011761924736649996,0.057970405
346,-0.1645622546692333,-0.1753738
347,-0.22614907132971676,-0.06283224
348,-0.33188332109846774,-0.5651673
349,-0.2923430757246057,-0.18471843
350,1.257541548131458,1.1646001
351,-0.8163155448678397,-0.91966116
352,-0.061259618414791925,0.12785178
353,-0.6600181432471313,-0.91966116
354,-1.1008702782131152,-0.91966116
355,-0.7703975751968104,-0.91966116
356,1.198328299283574,1.0289588
357,-0.04806032208301515,0.14434603
358,-0.7678377901791233,-0.91966116
359,-0.8350241756830104,-0.91966116
360,-0.25600143398477776,-0.05281055
361,-0.17162389562431546,-0.16372693
362,-0.08169358824834047,-0.20096987
363,1.0221883164823569,1.1868134
364,-1.2054984953750238,-1.4217929
365,-0.3902784877043725,-0.4834683
366,2.7610048834782384,1.8560408
367,-0.4670367724752664,0.17961061
368,1.1099003363652027,1.1362431
369,1.0833740377107968,1.0315582
370,-1.7643766527423324,-1.4697098
371,2.3847828653086407,1.6461983
372,-1.1029158098942557,-0.91966116
373,0.9951396588464849,0.890009
374,-0.5956787438833556,-0.91966116
375,0.8261366157368083,0.8664962
376,0.9426572204564794,0.99918383
377,0.049400157977284406,-0.0024309158
378,0.9054584500549026,0.81662536
379,0.9302222432084946,0.42557257
380,-0.31764641390204407,0.18542963
381,-0.5991925737815773,-0.47464013
382,1.20294201988706,1.143805
383,-0.9947805929314444,1.3673534
384,-1.649990247220645,-0.91966116
385,-0.6270177558790856,-0.71437
386,-0.40514703374826616,-0.42151105
387,1.165634607744601,0.84983647
388,-0.16846387948944538,-0.14192289
389,-0.06671452095333089,0.0035279393
390,-1.3976078935657548,-0.91966116
391,-0.5276157554114972,-0.6976992
392,-1.561771521041508,-0.91966116
393,0.6757583052467521,0.9360893
394,0.16795207153742506,0.24039331
395,1.2978005685339347,-0.067436874
396,1.243704373024594,1.3059131
397,0.9883046473573501,1.1234825
398,0.5843037762312928,0.28323048
399,0.8380706111362269,0.9360893
400,-0.13758511502162352,0.3203402
401,1.1693345821416403,1.2302942
402,0.6239578982353552,0.2683923
403,-1.0189956186452562,-0.71437
404,-0.7261151093554289,-0.91966116
405,-0.07509680433779682,-0.21004367
406,-0.4078529502711158,-0.586076
407,0.5409141334640991,0.18980688
408,-0.7910520850865431,-0.91966116
409,-0.5627258706955556,-0.033579648
410,-0.5887778322168548,-0.28222728
411,0.7770754620377986,0.75760186
412,1.278377937977978,1.2718846
413,-0.9186197371475946,-0.91966116
414,1.0936114772068004,1.0249414
415,-0.2718999638732739,-0.4591521
416,-0.21949995273585074,0.1978732
417,-1.202576271543492,-0.91966116
418,0.9514448504493077,0.70364165
419,0.9302222432084946,1.2525072
420,-1.1496382231654023,-0.91966116
421,-0.7952277213992918,-0.91966116
422,-0.02573416090251589,-0.1853956
423,-1.0379886926526052,-0.91966116
424,-1.0019046778588543,-0.91966116
425,-0.44045237403318116,-0.5279187
426,-0.5706154678932184,-0.33564025
427,-0.6309407574486922,-0.55703604
428,-0.23493124293720924,-0.14869434
429,-1.0236270992451497,-1.1426007
430,-0.746660701633107,-0.71437
431,-0.2735961490902026,-0.054977417
432,-0.045491919034926234,-0.053893983
433,-0.946345876932146,-0.91966116
434,-0.33397619790193084,-0.16630006
435,-0.46151878637365606,-0.47518218
436,-0.3794075008513712,-0.19799048
437,0.35845334477516044,0.7545557
438,3.3905478205650224,3.1897697
439,-0.1572925105974515,0.323962
440,-0.26029980427648264,-0.21397114
441,-0.7553712284068894,-0.71437
442,0.8550879302372711,0.875476
443,-0.7316759457276798,-0.71437
444,-0.41893978132494114,-0.36398262
445,-0.588777842427908,-0.545575
446,-0.17764457685981383,-0.10535705
447,0.7106306171716257,-0.43514585
448,0.38409811905645996,0.26924205
449,-0.5853887508322411,-0.25974607
450,-0.9018618139605079,-0.71437
451,1.3645061185109981,0.2054475
452,0.13588571943792704,0.24048704
453,0.7481856925500692,0.90206075
454,-0.3894274396168356,-0.39671147
455,1.2228305214124855,1.2638501
456,-0.42177988567006364,-0.42201722
457,-0.028130610323865622,0.14584512
458,0.46202719037634615,0.86166185
459,-0.07509679436666722,-0.18580186
460,0.5294711103513133,0.38895124
461,0.8583733280455605,0.9391613
462,-0.3818798100311799,-0.71437
463,0.5750836934259785,0.47812715
464,-1.0663487175160753,-0.91966116
465,-1.0869465759063062,-0.91966116
466,-1.102915815729296,-0.91966116
467,-0.4179993074593861,0.01950854
468,1.2258641661233571,1.3276535
469,-1.053972604979455,-0.91966116
470,1.0288696774430985,1.0660594
471,-1.2084508270577627,-0.91966116
472,1.0434987023295847,1.0776384
473,-0.9313005436855128,-0.91966116
474,-0.6711625076372342,-0.91966116
475,1.2300580133984182,1.1816144
476,0.8669544695155548,0.9722446
477,1.1192467038217335,0.94955885
478,-0.8382646519525114,-0.71437
479,-0.5000711743830779,-0.40143514
480,1.0563277272579676,1.0544802
481,0.8019932611293209,0.9920945
482,-0.4179993074593861,-0.43545556
483,1.2602305259600324,1.3078036
484,0.9924251951503269,1.0263593
485,-0.1788640686793864,-0.27951878
486,0.8669544695155548,0.31676933
487,0.1691629613863669,0.16908124
488,1.0892687371126817,0.9538125
489,-0.8948277121085779,-0.91966116
490,0.6716078842708795,0.8582254
491,0.8912551739130685,1.0769296
492,2.714963607630138,2.815456
493,-0.0006175599740064091,0.052553236
494,1.2602305208552183,1.7936552
495,-0.3894274396168356,-0.5690005
496,-0.699823811841397,-0.5383731
497,0.8199778085986383,1.030613
498,-0.2619284834850954,-0.3395205
499,1.3203613622423152,1.3423047
500,4.311088715999848,3.019627
501,1.2978005640567614,1.1697991
502,0.8187299894798008,-0.91966116
503,0.012207300997754586,-0.014890432
504,-0.9180809335367615,-0.53930235
505,0.7939258404267915,0.66969895
506,0.12198134351197601,-0.71437
507,2.5201039487881425,2.1348855
508,1.0031320353310098,-0.10183585
509,1.0485874172942142,1.1419146
510,0.759171257361944,0.9987112
511,-0.9111672041553551,-0.71437
512,-1.0388080815078744,-0.91966116
513,-0.7048925213585248,-0.39266264
514,-1.2749618500701898,-0.91966116
515,0.7622341075295385,0.9547577
516,1.076848141910039,1.0903991
517,-0.5939378658882961,-0.59480727
518,-0.9262714188700759,-1.4148482
519,-1.6814755267021668,-1.2416326
520,2.7666202405436215,2.800332
521,-0.6250762295632196,-0.91966116
522,-0.05857064058621751,0.31236047
523,2.1194655434595315,2.5507898
524,-1.2730962145815017,-0.91966116
525,-1.0004656011587056,-0.91966116
526,1.0964704736184834,1.084964
527,0.6264160490447749,0.40494692
528,-0.8524610159006567,-0.91966116
529,-0.5194718570916365,-0.15952861
530,-0.5276157546318934,-0.44056666
531,0.045704951964748025,0.29396498
532,-0.6875311869988051,-0.91966116
533,0.7697509108772844,0.20755279
534,0.8136836204037428,0.7919798
535,-0.3919881783009535,-0.17266524
536,-0.29846241031099463,-0.25676668
537,-0.3389199009603961,-0.19203162
538,-1.7880752384478757,-1.3988761
539,-1.474210879563642,-1.3469523
540,-0.588777842427908,-0.57941616
541,-0.007252004212114124,1.2581787
542,0.7993293114486818,1.1801966
543,-0.651404733609675,-0.91966116
544,-0.1168415543893411,-0.25595415
545,-0.8751692242464085,-0.91966116
546,-0.2061991683070858,0.034134865
547,0.7529454874725219,0.8499546
548,0.7400725771659704,1.1504216
549,-0.9324302325832559,-0.91966116
550,0.2691221057798057,0.12421751
551,1.0737852848980936,1.0365207
552,-0.9750697232578737,-0.91966116
553,0.2011422554112621,0.25773346
554,-0.07794631646330695,-0.11727476
555,-1.4888406908469638,-0.91966116
556,-0.6063523049946513,-0.5252857
557,1.0882946748311366,1.094889
558,0.6034939177852668,0.57356405
559,-1.1670750595214239,-0.91966116
560,-0.39893091917290513,-0.13217199
561,0.05485505042458445,0.0032570362
562,1.1711667959071557,1.1669633
563,0.10886267720776258,0.12297636
564,-0.14946658440460955,-0.18918759
565,-0.9850955141631005,-0.91966116
566,-0.053267273049023386,0.027905166
567,-0.9885169839610868,-0.91966116
568,-0.4486939273337976,-0.35858417
569,-1.1231138188025052,-0.91966116
570,-0.18462466016710402,-0.11348271
571,2.29868244092148,2.1244879
572,-1.2749618484525322,-1.4145879
573,-1.0454489484009537,-0.71437
574,1.112153487521519,1.1419146
575,-0.8107111794238456,-0.71437
576,-0.974413640179477,-0.91966116
577,2.6738551387678364,1.0055642
578,-0.8144352127818216,-0.91966116
579,-0.21903087780674121,-0.23374379
580,-1.3216131743056387,-0.91966116
581,-0.3053482287878754,-0.22141969
582,-0.848634144931564,-0.5928134
583,-0.035442685037769664,-0.008931518
584,-0.699823811841397,-0.46224976
585,1.1898999677442295,0.95121306
586,-0.2935565252879357,-0.25351638
587,0.8669544695155548,0.87228584
588,-0.3483337993259017,-0.2344209
589,0.41438471997897114,0.16297302
590,3.0028377319013173,2.5583515
591,-0.502583246110278,-0.54542017
592,-1.1209193717967207,-0.91966116
593,-0.7687950302499884,-0.54983413
594,-0.3794075008513712,-0.14300627
595,-0.8576444057252349,-0.71437
596,-1.2025762859916722,-1.3859419
597,-0.7643550220270043,-0.5167674
598,0.6034939177852668,0.99091303
599,0.1605772305204942,0.14359647
600,1.0950445545837915,1.0877998
601,1.1663784382411928,1.0506992
602,-0.6329225843475442,-0.91966116
603,1.2213015587058909,1.2610143
604,-0.8983231665649322,-0.71437
605,0.2741908050858786,0.020709276
606,-0.6734443849012188,-0.5990279
607,0.12481673778322055,0.17020556
608,0.6087486294860768,0.88573575
609,0.45852945767117886,-0.44536793
610,-1.075528158352483,-0.91966116
611,-1.1953986161605112,-0.91966116
612,-0.3902784877043725,-0.45078874
613,-0.3374986781638508,-0.31488943
614,0.15428302954429648,0.41358656
615,-0.018662829898111043,-0.07691693
616,1.2954435763171352,1.0537713
617,1.1762354958977086,1.1872859
618,-0.6711625076372342,-0.61174726
619,0.8345423477675457,0.89378995
620,0.8438561363685664,0.99516654
621,0.49638419987646754,0.2856041
622,1.211635314057767,1.299769
623,1.2243513515280307,1.1542027
624,0.0548550605158233,0.14631361
625,3.246350956371587,2.855156
626,-0.764040509839585,-0.91966116
627,1.153073998943191,1.0258868
628,-0.5235148638351979,-0.39941072
629,-0.07509679436666722,0.13272724
630,-0.9499330720310192,-0.91966116
631,1.1407506687602897,1.0570796
632,-1.134345619851772,-1.381862
633,3.6360993029969606,2.783318
634,1.1057994447889035,1.1490037
635,-0.18712939975284132,-0.16724807
636,0.17156947586391558,1.1608193
637,-0.053267273049023386,0.17779478
638,-0.7100525432671629,-0.91966116
639,-0.9803730981041515,-1.2123946
640,-0.403357194778255,-0.45295703
641,-0.8938368049194343,-0.91966116
642,3.719483540135147,2.3343306
643,-0.20087112560194598,-0.040351093
644,-0.7206602101017564,-0.71437
645,-1.2011262877815758,-0.71437
646,0.08394487562697885,0.14190999
647,-0.14184884623408983,-0.22060716
648,-0.11618624926976438,-0.041163623
649,0.8594601492102004,0.8989887
650,1.018477157385053,0.66085815
651,1.2103639522828296,1.1518395
652,-1.2603663776309173,-0.91966116
653,-0.755066413013897,-0.91966116
654,-0.4304731803133404,-0.23631692
655,-0.8629233295264583,-0.71437
656,0.963009292217758,0.99091303
657,-0.9718043021016378,-1.3566984
658,1.2575415584374032,1.2028823
659,-0.050651959994038084,-0.91966116
660,-1.081180451221826,-1.3155135
661,1.1117042681124787,1.2728298
662,-1.4560338339539027,-1.4050392
663,-0.005023416339711573,0.05688697
664,0.045704950413000406,0.030342877
665,0.8174767094283883,0.85751647
666,-0.853748100251579,-0.91966116
667,-0.28993148910315114,-0.1860727
668,0.8059433104399892,0.7772317
669,1.1765941352534386,1.0568433
670,1.869445818234526,1.2638501
671,-0.3963076272290568,-0.41796827
672,0.8883279862329095,0.8985161
673,0.5814542625425124,1.0010743
674,1.2216080166839185,1.1161568
675,-0.8770287949136389,0.23040196
676,-1.6520780325379167,-0.91966116
677,-0.873321650844584,-0.59122574
678,0.8873455700561331,0.97082675
679,1.5417828742469706,1.3749154
680,-0.06671452686190771,-0.014348686
681,-1.6472299941915969,-1.463807
682,0.9660158685569968,0.8595251
683,0.30511594706781675,0.18954098
684,-0.8664974731655898,-0.71437
685,1.175156865467907,1.1419146
686,-0.6757445903174014,-0.56470263
687,-0.28223121374966825,0.083431065
688,-1.2712426544880078,-0.91966116
689,-1.1401311442567714,-0.91966116
690,1.2291644865412152,1.1948478
691,1.085844933226294,1.1116669
692,-0.23050649657126365,-0.26028782
693,1.2520866396843422,1.2539251
694,0.9458840012483598,1.0603878
695,0.06197030937668441,-0.71437
696,-0.8494801518873448,-0.91966116
697,-0.49388575227380227,-0.91966116
698,0.2904664365586508,0.37251613
699,-1.0654467513337365,-0.91966116
700,0.8912551739130685,0.9438875
701,-0.35730707277526236,-0.14544398
702,-0.8415422228077449,-0.91966116
703,2.048824500875645,0.88869894
704,0.376584343030835,0.48871654
705,-0.9597245864972009,-0.91966116
706,-0.11422923881778213,-0.18972933
707,-1.2983523120298497,-1.4131123
708,-0.2190308714930841,-0.300887
709,-1.0821334536227116,-0.91966116
710,-1.0718210055681192,-0.91966116
711,0.5461448559404863,0.7862184
712,-0.8063053381425703,-0.91966116
713,0.9017392544727205,0.98500526
714,1.0270628952057492,1.1352979
715,-1.2481784154899795,-0.91966116
716,-0.4975809523777617,-0.3513298
717,1.0057473327261577,0.9410518
718,-0.5580943900956666,-0.6528983
719,-0.8850695607251835,-0.91966116
720,-0.5722198084179955,-0.5345011
721,-1.1670750574260393,-0.91966116
722,-0.7578215024754568,-0.91966116
723,0.9682502656008197,1.0440825
724,-0.533176580670572,-0.71437
725,0.8199778026615175,0.977916
726,-1.0928311921337106,-0.56164384
727,-1.1496382231654023,-0.91966116
728,0.09667470622299498,0.046323538
729,1.5602024423599885,1.7492291
730,0.9310682616507567,0.8653147
731,-0.023357599257463696,-0.07664609
732,0.995139674305404,0.16795611
733,0.968250273383678,0.90324235
734,-1.0151924556312297,-0.91966116
735,-0.9711556664106071,-0.91966116
736,-0.035442685037769664,0.03630179
737,-1.7695930767351893,-1.3835114
738,0.9385719334590896,0.9538125
739,-1.6853718277570717,-0.91966116
740,1.0457715240587482,0.96633685
741,2.6455981753276783,1.9146454
742,-0.07823283804783872,0.2966806
743,1.3093030756590094,1.2123346
744,-0.5922075068399533,-0.6040033
745,-0.3284288276453471,-0.11375356
746,1.1161650089076256,0.2366575
747,0.6838829362503102,0.7184141
748,-0.5803791647547152,-0.55339646
749,-1.0609790546045543,-0.91966116
750,-0.30219777676629406,-0.23347288
751,1.14955055557283,1.1253729
752,-0.981042984300241,-0.91966116
753,-1.2414398920086114,-0.5515778
754,-0.5770874717232025,-0.91966116
755,1.1861114485307187,1.0953617
756,0.2967262312266019,-0.71437
757,-0.7822084876343172,-0.91966116
758,-0.4179993074593861,-0.38692653
759,-0.37858811821889743,-0.44227028
760,-0.34907092069719653,0.060408115
761,-0.49388575227380227,-0.59962785
762,-0.19348883093660393,-0.043872237
763,2.1312091766685657,3.3258839
764,-0.2285616690643966,-0.32349342
765,-1.1448452316556874,-0.74138
766,-0.2389225831420776,-0.3452564
767,-1.223687091154468,-0.91966116
768,-1.1060117750380727,-0.91966116
769,-0.8096033471762641,-0.91966116
770,-1.1320637256032282,-0.91966116
771,1.1663784382411928,1.019979
772,-0.8789005360089757,-0.91966116
773,-0.7472529961555714,-0.91966116
774,-0.8239628408064783,-0.71437
775,0.08718077984164385,0.26753992
776,-0.8874781033892737,-0.44381917
777,1.111704273257362,2.288959
778,1.2213015587058909,1.2170608
779,-0.22518969504821992,-0.08558434
780,-1.4419442073233144,-0.91966116
781,-1.3469317768701154,-0.71437
782,-0.5974302738964407,-0.71437
783,-0.2549368470752844,-0.24376547
784,1.1854172001713175,0.5043371
785,-0.06948144727241384,-0.01949495
786,0.2665537115711355,0.14066893
787,-0.954175723313455,-0.91966116
788,0.5121312624480903,0.22792855
789,-0.49758095392950974,-0.3422197
790,-1.3374640043544879,-0.91966116
791,-1.5918308090337512,-1.1919594
792,-0.38022923063468655,-0.5052289
793,-0.10307246761937812,-0.059040308
794,-0.04549192787434481,-0.106440425
795,0.9189904493397897,1.029904
796,1.2276690630939937,1.3295441
797,-0.032984526933810376,0.8729947
798,-1.2603663776309173,0.11659706
799,-0.4256110255778361,-0.25378722
800,-0.3835399442864642,-0.3919878
801,-0.779209790336003,-0.91966116
802,1.2493197245768954,1.2799191
803,-0.8247389198121313,-0.91966116
804,-1.4723403555245147,-0.91966116
805,1.0446373658160255,0.9460143
806,1.0541374774951928,1.143805
807,-0.697322712114543,-0.71437
808,-0.8968198943929478,-0.91966116
809,-0.7962812235501807,-0.39232516
810,-0.14077693401695057,0.14696947
811,0.20965958313001212,0.21030661
812,-0.4760928171982288,-0.59970546
813,0.8174767094283883,-0.64491916
814,1.2154158927410141,0.46661147
815,0.7529454874725219,-0.52919745
816,-0.18504059928841557,-0.28493595
817,-1.2381291762953417,-0.91966116
818,-0.8155619228264853,-0.91966116
819,2.5596560123618874,1.8513147
820,-0.7261151101350327,-0.91966116
821,1.2228305214124855,1.3210368
822,-0.368934146714474,-0.34120744
823,-0.24348035644151608,-0.27071583
824,1.1126019922555868,1.1844501
825,-0.12180484191825361,0.067450464
826,1.0964704736184834,1.0996152
827,0.3991007628631616,0.55220497
828,-0.8208793703875727,-0.91966116
829,0.0548550605158233,0.14415863
830,-0.5690200652450257,-0.44954956
831,-0.48663538945210555,-0.2755913
832,-1.0531087394062097,-0.91966116
833,-1.4595781122969615,-1.4480952
834,0.6383999919765694,0.6992662
835,2.1350190869822216,2.551735
836,0.6164542179262684,0.8836286
837,-0.2696538852725849,-0.09993982
838,-0.44146968786324875,-0.327205
839,-0.7233746678378714,-0.91966116
840,0.41997514816698867,0.5913208
841,-1.3987591562722899,-1.5208911
842,0.6736906137031996,0.8176544
843,-0.31698579938033095,-0.4768859
844,-0.04806031839237259,0.081805944
845,-1.5769437250374154,-1.2630109
846,0.3430738692884831,0.14381585
847,-0.38688939610870565,-0.30493593
848,-0.16109568064859567,-0.09966898
849,-0.5089615565530111,-0.51978755
850,-0.9393035384933737,-0.91966116
851,0.721370891812056,1.1010331
852,-0.07880673410098586,-0.05362314
853,-1.0783403553826536,-0.91966116
854,-1.1144351543747597,-0.91966116
855,1.1678603238809562,1.1556205
856,0.9660158685569968,0.96869993
857,1.165634607744601,1.0670046
858,0.11035034087039451,0.23555478
859,-0.6923851069973378,-0.91966116
860,-1.742490211522638,-1.419015
861,-0.7261151101350327,-0.71437
862,-0.16301637218564693,-0.26259017
863,-0.2560014342390677,0.6137294
864,1.302457150692052,1.2510893
865,-1.6465440608106083,-0.91966116
866,0.190126511371499,-0.28235018
867,0.7979879799713546,1.0372295
868,-0.974413640179477,-0.70613265
869,0.0184105912281737,0.1283935
870,-0.9352740826434631,-0.91966116
871,0.03432435740054775,0.15006137
872,1.1209928907202718,1.4377736
873,-0.30032400266747133,-0.36836898
874,-0.16650641715783443,-0.15167373
875,-0.12113808018589693,-0.085042596
876,-0.3353799965523389,-0.3823715
877,-0.9660187870198691,-0.91966116
878,-1.7770594944081126,-1.4571227
879,-0.47152899721103697,-0.54433596
880,-0.3040838913867425,-0.021661878
881,0.5382625030872279,0.4401805
882,0.020448849189843098,-0.00595206
883,0.4633279164966049,0.47517568
884,1.0758308204983167,1.2288764
885,0.8823822804697085,0.8646058
886,-0.12415080968103977,-0.1440897
887,1.0083389743278235,0.7079227
888,-0.7818737429618607,-0.91966116
889,0.8427083442066897,0.9318357
890,0.27251118716441936,-0.53630066
891,-0.5359980440415332,-0.14165199
892,-0.4015784637744617,-0.58177817
893,1.2388431872951196,0.5783147
894,-0.6923851147660243,-0.91966116
895,0.8368993399843452,0.90844107
896,-0.8928492998552775,-0.40630925
897,-0.46151878637365606,-0.61549354
898,1.23884317849407,0.76761067
899,0.8249154142724475,0.94176066
900,-1.1557444968604837,-0.91966116
901,-0.6045455227573017,-0.41510034
902,-1.7482952893771517,-1.4024352
903,1.1682296090192141,1.0386474
904,-0.4914485117356999,-0.5008148
905,0.07062274719537466,0.18930987
906,2.8197576807717586,2.5460634
907,0.8941527436719974,1.0532986
908,1.231245056585044,1.0868545
909,-1.0462899755851847,-0.91966116
910,-0.43842852616831596,-0.54402626
911,-0.9997487778297913,-0.91966116
912,0.41128873987714565,0.6152655
913,-0.7920903242783801,-0.71437
914,-0.037922129398021996,0.09995341
915,0.42347670837265167,-0.5665225
916,-0.2475935192098112,-0.2078768
917,-1.0077343723147143,-0.91966116
918,1.0798785736717207,0.44963878
919,-0.9705084799496944,-0.71437
920,0.9733970618177802,1.055898
921,-0.4507919114145772,-0.43018973
922,-1.3065938750642865,-0.91966116
923,-0.765300683642841,-0.91966116
924,-0.3626743557371657,-0.71437
925,0.6757583022995481,0.47560573
926,-0.7316759353941091,-0.91966116
927,0.03238282739403947,0.13975501
928,-1.2397797480278403,-0.91966116
929,-1.6791629333929416,-1.4582514
930,-1.0189956186452562,-0.91966116
931,1.0121829751272782,1.1584562
932,-0.09263538839636863,0.88599175
933,-0.2724642363943694,0.034134865
934,1.1415619263969372,0.7628238
935,0.5277490711646406,0.8553897
936,-0.533176580670572,-0.71437
937,-1.7212676061805066,-1.4544319
938,-0.35883035124706836,-0.71437
939,-0.8701167858387944,-0.71437
940,1.06386431392901,1.0459731
941,-0.9018618139605079,-0.91966116
942,-0.5922075068399533,-0.3840586
943,-1.726654125370615,-1.402088
944,-0.20485784005471924,0.09318197
945,1.2397070536537607,1.2591238
946,1.0365699602861387,1.1778336
947,0.8333565232366548,0.6475081
948,-0.38270868619101783,-0.50817156
949,-0.30219778468462083,-0.25649583
950,2.724783107947629,3.327774
951,-0.8593932647492913,-0.71437
952,0.06891304288944995,-0.0029726624
953,-0.6389517287567167,-0.64623
954,0.8285635404822137,1.0114719
955,-1.670839720377338,-1.448963
956,-0.7261151101350327,-0.71437
957,0.9442751594804524,0.93514407
958,0.22596998561238013,0.2662128
959,2.16493917980626,1.5455306
960,0.4293815368411104,0.5674357
961,-1.6768688618310017,-1.5143279
962,-0.15242272972195733,-0.38773477
963,1.0848591362024467,1.2094989
964,-0.5359980328873862,-0.47061324
965,1.1953225966919274,1.7322148
966,0.8273526420809599,0.9372708
967,0.7106306171716257,0.98500526
968,-0.5738331918200354,-0.91966116
969,-0.7838881055557766,-0.64623
970,0.8019932611293209,0.824046
971,-0.43343059766074477,-0.31387728
972,-0.31963742518394533,-0.35537875
973,0.7481856925500692,0.6144923
974,-0.9318648276802651,-0.71437
975,1.1491563814216963,1.3333249
976,1.0153473733033036,1.0814195
977,-1.6397736813773096,-1.4568623
978,0.6264160490447749,-0.31286502
979,-1.0167076647867423,-0.91966116
980,0.18787157607692978,0.15830642
981,-1.3129345090982951,-1.4053866
982,-1.3517857037380219,-0.91966116
983,-0.6155612667970649,-0.437469
984,-0.5722198154182964,-0.47309136
985,0.9876120858718547,1.0221058
986,-0.7913977477384893,-0.71437
987,0.6838829362503102,0.44139156
988,0.08067198565253098,0.5722225
989,0.10283351517703958,0.13947394
990,1.0878064049636373,1.157511
991,1.0128186558204353,1.0294313
992,0.24789950679224287,0.35603535
993,1.0037880956564178,1.1976836
994,-0.1255000309786076,0.23757425
995,1.1854171922167285,1.1090676
996,1.0843649504275397,1.0492814
997,-0.12147126700030508,0.118371755
998,0.8033160173586344,0.9167119
999,0.61390865539878,0.87382185
1000,-0.6329225843475442,-0.48099017
1001,1.0964704736184834,1.2137525
1002,1.1295676163742923,1.1735799
1003,1.7243255420040509,1.505358
1004,-0.3535339947050035,-0.06418657
1005,-0.7402250592319868,-0.91966116
1006,-0.07227536245455508,-0.21600252
1007,-1.0114391371042135,-0.91966116
1008,-0.944568984867803,-0.71437
1009,-0.393708152116417,-0.13433886
1010,1.273309233794984,1.2685763
1011,-0.26301943380006043,-0.30223662
1012,-0.8943318262103342,-0.91966116
1013,-1.4483874710211495,-1.2579807
1014,1.2408548458156372,1.3574286
1015,1.2144754152819386,1.1343527
1016,1.1722605194937783,1.2321846
1017,-0.9085518979906987,-0.91966116
1018,1.015347361298576,0.014904022
1019,0.8605428489903326,0.64865595
1020,-0.26965387803816815,-0.17171717
1021,-0.43943866131537607,-0.087480366
1022,0.6858785821987057,1.7804219
1023,1.180509827372783,1.2737751
1024,-0.018662829898111043,0.8774846
1025,1.203268759382133,1.3030775
1026,-0.07509680433779682,-0.013536096
1027,-0.25334734073250853,-0.15736175
1028,-0.11422923881778213,0.08830649
1029,1.1718964116768045,1.2388012
1030,-0.1676792793094831,0.04740697
1031,1.9753897420599855,2.064938
1032,-0.578728585358222,-0.58661807
1033,0.005866657447954549,0.0027153492
1034,-0.5565670624214775,-0.27301812
1035,-0.36578713858366896,-0.33749604
1036,1.0109073660650811,1.0641688
1037,2.4066075649851335,3.2483745
1038,-1.6901184691064068,-1.4373311
1039,-1.2603663839854855,-0.91966116
1040,0.0671930809061322,0.1570884
1041,0.9233626569332374,1.4944878
1042,-0.5051175347630266,-0.13000506
1043,0.4676214605033412,0.4588625
1044,2.9272765864774457,1.3347428
1045,0.7106306076041636,0.17928723
1046,-0.13512696648896222,-0.09343922
1047,-1.7293858453341644,-1.3962718
1048,-0.28516839314805315,-0.016786456
1049,0.7607067771808174,1.0058005
1050,0.014290030430074773,-0.1658938
1051,0.6360429840156612,1.1234825
1052,-1.5796428405382452,-1.432383
1053,0.13452526121776726,0.1383496
1054,-1.1209193798264303,-0.91966116
1055,-0.5974302738964407,-0.54263234
1056,-0.7812054251913786,-0.91966116
1057,-0.3520385538310884,-0.37798518
1058,-1.4730870996450947,-1.4258727
1059,-0.6081705589420864,-0.71437
1060,-1.130929580484162,-0.91966116
1061,2.1615095096561223,1.4235951
1062,-0.6471932822753703,-0.527609
1063,-1.3747078545066327,-0.91966116
1064,-1.018230940921157,-0.91966116
1065,-0.9705084931754491,-0.91966116
1066,-0.9481338529098784,-0.91966116
1067,-0.5208132126194838,-0.18620813
1068,-0.3650057718813698,-0.37967223
1069,1.2359446311308147,1.4136701
1070,-0.9487323314236765,-0.91966116
1071,-0.25546864518365886,-0.21275222
1072,-0.1930604404987638,-0.20124078
1073,0.7497811013012242,0.9004066
1074,-0.941047940451083,-0.91966116
1075,-0.6270177558790856,-0.91966116
1076,3.9159802710704774,2.63208
1077,1.2465257987366445,1.351757
1078,-0.3250155152598184,-0.23401463
1079,-1.5890149157982854,-1.4106816
1080,-1.4638899734494153,-1.3871573
1081,1.2628944896789103,1.2822821
1082,0.4308389241441133,0.52174354
1083,-0.7153072527121925,-0.45574486
1084,-1.0446103644300198,-0.61182487
1085,-0.8923568250397063,-0.91966116
1086,-0.045491919034926234,0.22843689
1087,1.5721555749149783,3.046094
1088,-0.058570638512386954,-0.11267018
1089,-0.6851347416863799,-0.5386828
1090,-1.6965722438589401,-1.38898
1091,-0.7913977574893868,-0.71437
1092,-1.5648453263826407,-1.4013065
1093,0.8333565232366548,0.9902041
1094,-0.4615187885235959,-0.31691396
1095,-0.3520385402290522,-0.26543415
1096,-1.7125093141897068,-1.4102477
1097,-1.2498881116789664,-0.91966116
1098,-0.11553241592255457,0.018425167
1099,-0.75263949989009,-0.5702008
1100,1.1139433310645936,0.26436874
1101,-1.6305562564467593,-1.39931
1102,-0.436418877124152,-0.56915545
1103,-0.8490568405352543,-0.91966116
1104,-0.6923851069973378,-0.49663305
1105,1.1427745142039878,0.6627039
1106,1.322522694215548,1.3030775
1107,3.0939238073146984,2.336221
1108,-0.5194718691358069,-0.41898048
1109,1.1843726749894716,1.1456954
1110,-0.9257180270515044,-0.45651925
1111,-0.7959296242217734,-0.91966116
1112,0.6288532873574245,0.74150085
1113,-0.451846701061803,-0.4213425
1114,-1.1144351631641456,-0.91966116
1115,1.2333106153081435,1.1083586
1116,-0.8963205427767276,-0.08450091
1117,-0.7023469382349462,-0.5083264
1118,-0.8386723058622226,-0.88299346
1119,-0.13652904094864662,-0.2671947
1120,0.9537954006181782,-0.71437
1121,-0.40425071365918497,-0.22250307
1122,1.0546865993098404,0.9705904
1123,0.9820104591624544,1.0273046
1124,-0.7387823658297447,-0.5565715
1125,-0.4208300458426427,-0.16169548
1126,-0.7621605722280679,-0.91966116
1127,-0.03544269327808438,0.14696947
1128,-1.0182309345201932,-0.91966116
1129,1.4154758727692447,1.0041463
1130,0.6383999919765694,0.67579126
1131,0.8773314657747813,-0.24471343
1132,0.40868295270182575,0.20187068
1133,0.08718077485512948,1.0114719
1134,-0.38105333316697404,-0.47138762
1135,-0.7581292650549688,-0.5097978
1136,-0.4227328703495869,-0.36803156
1137,0.01010931333836532,0.8805566
1138,1.2019595886940597,1.3125298
1139,3.036161242373629,3.2880745
1140,-0.18545714072892758,-0.17618644
1141,0.7465813581282543,0.9212018
1142,-0.2947751374562906,-0.30527335
1143,0.7667678288248743,0.97389877
1144,2.5045656973055412,1.9051931
1145,1.1822721077953464,1.199574
1146,0.94588400660341,0.8860768
1147,-1.3238245678015315,-0.91966116
1148,-0.4615187885235959,-0.48222923
1149,-0.7288820250353297,-0.71437
1150,-1.0908561758992097,-0.91966116
1151,0.8072479780026223,0.8890637
1152,-1.69820866000474,-1.3974003
1153,-0.33397619790193084,-0.32214385
1154,-0.03544269327808438,-0.021932721
1155,-1.2516080941297454,-0.91966116
1156,-0.5627258770501299,-0.47564685
1157,-0.31501307088983205,0.10591227
1158,0.8873455785027584,0.9240375
1159,1.2465257987366445,1.3314345
1160,0.3615560244093013,0.728341
1161,-0.7126678465347525,-0.91966116
1162,1.1166072947834715,1.1825597
1163,0.721370891812056,0.25313106
1164,0.8823822804697085,1.8286289
1165,-0.2735961590613322,-0.24931812
1166,0.06197030937668441,0.38949534
1167,0.3350628881705596,-0.18647897
1168,-0.13723266740765241,0.014091432
1169,-0.6923851069973378,-0.59527194
1170,-0.9731060078969193,-0.91966116
1171,0.9910582650604016,1.0547165
1172,-0.061259618414791925,-0.013536096
1173,2.2725965612111296,2.2691092
1174,-0.050651961545785766,0.0135496855
1175,-1.184275896387461,-0.91966116
1176,-0.7382073173741108,-0.71437
1177,-0.007252004212114124,0.13872439
1178,0.9154439763410581,0.9661006
1179,-0.8456926369989058,-0.91966116
1180,-0.38604835730652054,-0.42538846
1181,-0.4615187885235959,-0.71437
1182,-0.9885169831814885,-0.91966116
1183,-0.43343059766074477,-0.4642632
1184,-0.7316759353941091,-0.91966116
1185,-1.7453780289102816,-1.4659771
1186,-0.7798734505358004,-0.91966116
1187,-0.786256231154666,-0.56501234
1188,1.115722059186392,1.1981561
1189,-0.40785296409934796,0.17048666
1190,-0.21162822255523303,-0.054164886
1191,-0.9296143440410453,-1.2196255
1192,-0.35503727143081976,-0.43437147
1193,0.9530140189149603,0.93207204
1194,-1.7377409478711907,-1.4192754
1195,-0.3689341321914899,-0.23780656
1196,0.7196085853364005,0.7114862
1197,-1.5912654109533901,-1.2347162
1198,-0.10748315755402668,-0.0075772405
1199,-0.31435850072022187,-0.17686355
1200,0.5325449202054446,0.21851712
1201,1.0497060672896186,1.2629049
1202,-0.22280521324040453,0.015445709
1203,-0.46927407725667675,-0.21099162
1204,-0.8760975110158331,-0.521104
1205,1.252086629180205,1.2629049
1206,1.0579594925542544,1.0015469
1207,0.9514448421960573,1.0221058
1208,1.2197643877915498,1.2794465
1209,0.6994717659800717,0.94261867
1210,-0.9641159479902695,-0.91966116
1211,-1.693327173612047,-0.91966116
1212,-0.2389225832918074,-0.26137125
1213,1.214789253465421,1.2463632
1214,-0.8386723018927765,-0.91966116
1215,1.1415619263969372,1.1816144
1216,-0.8193500020790713,-0.91966116
1217,-0.8651519422087743,-0.91966116
1218,-0.8235755842002587,-0.91966116
1219,0.04007118270694672,0.06880474
1220,0.11035033538701748,0.03516513
1221,0.27502692986898863,0.2853581
1222,-0.8633676745384147,-0.91966116
1223,-0.8178287472072674,-0.91966116
1224,-0.3325792548923945,-0.13569307
1225,-0.13899933459446118,-0.23591065
1226,0.9889955445862161,1.0497539
1227,-0.7233746678378714,-0.71437
1228,-0.18049816747035435,0.011382818
1229,0.7993293114486818,0.90111554
1230,1.1002386038412058,1.0974884
1231,0.7727032614471089,1.0242326
1232,0.8594601492102004,-0.71437
1233,-1.8054365559983552,-1.4587721
1234,-0.42273287675054577,-0.4577583
1235,-0.6711625076372342,-0.71437
1236,-1.3351451707427908,-0.91966116
1237,0.9327528179995942,0.8923721
1238,-1.1670750574260393,-0.91966116
1239,0.48458141283790357,0.209079
1240,-0.16885696962665703,-0.10996163
1241,0.9063807408209479,0.13381067
1242,0.005866657447954549,0.13110209
1243,-1.4392740338089254,-0.91966116
1244,-0.9069940921966503,-0.91966116
1245,1.2097261637491088,1.3446678
1246,-0.31046220182947576,-0.49159944
1247,1.2493197245768954,1.2284037
1248,-1.3260531779927986,-0.91966116
1249,0.16428838214862,0.30509418
1250,-0.01176192013066944,0.14753163
1251,-1.1815614302375061,-0.91966116
1252,1.4666485612757474,2.0016072
1253,-0.9535657677374325,1.3026048
1254,-0.5722198084179955,-0.45760345
1255,-1.1309295873067913,-0.91966116
1256,-1.3216131735260406,-0.91966116
1257,1.1439820007075092,1.4552605
1258,1.2068383290513591,1.3049679
1259,2.375673849315346,2.060212
1260,-0.6734443806339137,-0.5720595
1261,0.5355860907589596,0.8054698
1262,0.855087919733134,0.9505041
1263,-1.444301208568463,-1.3971399
1264,-0.06671452686190771,-0.1411103
1265,-1.6990304000549468,-1.4241365
1266,-1.3351451707427908,-0.91966116
1267,1.21976438896747,1.2605417
1268,-0.14256566316204025,-0.05931115
1269,-1.2550793230908457,-0.91966116
1270,0.9163347205574247,0.7680458
1271,0.977017511535976,0.96633685
1272,0.6631221068355424,0.83419055
1273,-1.4814323684859654,-0.91966116
1274,-0.9797047752497275,-0.91966116
1275,0.8658957802318394,1.2860632
1276,-0.9059602600796755,-0.91966116
1277,0.05485505042458445,0.5333127
1278,1.1878397284648865,1.3957106
1279,1.1758763979287925,1.0915806
1280,-0.36578714763128956,-0.28127933
1281,1.170068872842425,1.2066633
1282,0.3268213346519051,0.6569523
1283,0.13992871621114875,0.2423831
1284,2.295818676709826,2.284233
1285,0.2982700266098742,-0.4620949
1286,-0.9273813797588653,-0.71437
1287,-0.7153072601404644,-0.5706655
1288,1.0377364549119577,1.0469183
1289,-0.57383318752862,-0.71437
1290,-0.2929491570121645,-0.12323362
1291,1.0178539429234248,0.44967207
1292,0.7813819196516947,0.7867578
1293,0.5509633763006744,0.45189992
1294,-0.08578471935260613,0.13218552
1295,1.0983607399448443,1.1872859
1296,-0.36657066541967126,-0.43111908
1297,-0.7973386121377787,-0.91966116
1298,1.5810223525933074,0.91718453
1299,-0.1472693303924968,0.13619465
1300,-0.9783728052593359,-0.91966116
1301,-0.933564381835829,-0.91966116
1302,1.0508203645503007,0.9323083
1303,0.8528765367413785,0.7824885
1304,0.9545746442196555,1.0185611
1305,-1.3694531280920448,-0.91966116
1306,1.1515133736384957,1.1272633
1307,0.6164542179262684,-0.71437
1308,0.9026735914668916,1.05897
1309,-1.4712238962682074,-1.1872437
1310,-1.220574293647341,-0.91966116
1311,-1.4610081978390608,-1.3824698
1312,0.4598461153286627,-0.71437
1313,-0.6349182318476887,-0.23875463
1314,-0.48190183208841536,-0.26353812
1315,1.0964704736184834,0.9857142
1316,0.9100405410326101,0.90844107
1317,-0.2285616690643966,-0.26042324
1318,-0.24863110742706118,-0.24349463
1319,-0.905444737113384,-0.91966116
1320,-0.6622125910325142,-0.91966116
1321,-0.0006175599740064091,0.009486854
1322,2.9184147981467277,2.7284942
1323,0.02647799892558063,0.014091432
1324,1.1874948993097516,1.2047727
1325,-0.8096033471762641,-0.29818767
1326,0.8873455785027584,0.48361704
1327,-1.5223239127995831,-1.4497441
1328,0.6565885650095985,0.6516299
1329,0.8616214707995592,1.0159618
1330,-0.45184669545604406,-0.15113199
1331,-0.6851347441756409,-0.71437
1332,2.931215768734335,2.9761462
1333,1.4379187332235663,0.6871055
1334,-0.16767928173793611,-0.23062885
1335,-0.40157847133142494,-0.5926584
1336,-0.19564040420686718,0.0812642
1337,1.212901056540986,1.171217
1338,0.7248632980717087,0.87145877
1339,-1.2983523120298497,-1.2347162
1340,-0.14946658440460955,0.09589052
1341,-0.2429703331397134,-0.06066543
1342,-0.1892335577247111,-0.09479356
1343,0.7248633022097019,0.86436945
1344,0.8046326718379655,0.8744126
1345,0.0887851235807619,0.20693365
1346,0.4932840615172526,0.5866456
1347,0.01635772197362727,0.010841072
1348,-0.14909920265482798,0.11485064
1349,-0.7998211207206093,-0.91966116
1350,1.1922850121581228,1.0176159
1351,-1.2983523173564067,-0.91966116
1352,0.049400152068707445,0.14846855
1353,-1.159471760339574,-0.9230716
1354,-1.0681612170843051,-0.91966116
1355,-0.14149109583322972,0.15371543
1356,-0.35730707277526236,-0.2944762
1357,-1.4521851329211823,-1.4002649
1358,-0.7023469382349462,-0.55901086
1359,-1.5622815114656778,-0.91966116
1360,-0.5262422562093837,-0.71437
1361,1.341273865080938,2.3125901
1362,1.1850694318810961,2.0422525
1363,-1.2431097191535554,-0.91966116
1364,-1.3282992531325837,-1.4045185
1365,-0.009498086586333832,-0.068249464
1366,0.038168358200002625,0.031155467
1367,1.0276664234263457,0.6866703
1368,0.9984969673580033,1.1052866
1369,0.06891305024863602,0.14696947
1370,1.169701963891422,1.2742476
1371,1.884358030370052,1.6017721
1372,1.0452050074849175,1.0280135
1373,1.243704373024594,1.2288764
1374,-0.5820393087354866,-0.5214913
1375,-0.06671452686190771,-0.24363005
1376,-0.36113055560789625,-0.29008985
1377,-0.13512696648896222,0.08234763
1378,1.227369031021529,1.5530925
1379,-0.8696618623607696,-0.91966116
1380,-1.0471334996551038,-0.91966116
1381,-0.007251990610077738,0.016799986
1382,-1.794893985083446,-1.5059947
1383,1.0312611237803073,1.0296677
1384,-0.9634844746598675,-0.91966116
1385,-0.30157181965954266,0.046323538
1386,0.5759608011496063,0.50518936
1387,1.2273690321666342,1.1631824
1388,-0.014043801628094087,0.1382559
1389,-0.28813603223930834,-0.13515139
1390,1.154238906703125,1.2076085
1391,1.077861856365651,1.0655867
1392,-0.8642584191735386,-0.91966116
1393,-0.7606033441615552,-0.91966116
1394,1.1499442051728435,1.1305717
1395,-0.8789005415354876,-0.91966116
1396,-0.4275459926331814,-0.29042727
1397,-0.29599895788539277,-0.4177996
1398,1.174796426684056,1.1697991
1399,-0.6063523049946513,0.8718132
1400,-0.24915131626932166,-0.27423704
1401,0.4873792388546518,-0.66654074
1402,1.3842638854828269,0.7458525
1403,-0.13338396637493236,-0.44196057
1404,-0.09354115480142045,-0.075562656
1405,0.053048278278473734,0.013820529
1406,-1.356723295944272,-1.4321226
1407,-0.8655997515802105,-0.91966116
1408,-0.7288820250353297,-0.91966116
1409,-1.049679060766444,-0.91966116
1410,-1.7073800792410583,-1.2771584
1411,-0.368934146714474,-0.71437
1412,-0.7618484616925036,-0.91966116
1413,-1.265752880995815,-0.91966116
1414,-0.2935565247805702,-0.055519164
1415,-1.6247836773454039,-1.4013935
1416,-0.08460985130868295,-0.16846693
1417,-0.07509680433779682,0.1668326
1418,-0.5580943900956666,-0.91966116
1419,1.162263255453842,1.1976836
1420,-0.161478789782227,-0.07095802
1421,-1.0092105416510102,-0.91966116
1422,1.2707408543049483,1.3366332
1423,-1.7151087937753067,-0.91966116
1424,-0.11357987355142424,-0.2326603
1425,-0.3382084035201242,-0.16697723
1426,-0.39543850961301236,-0.2651633
1427,-0.24348035799326362,-0.25202668
1428,0.8783487871865034,0.9195477
1429,-1.6027910654092263,-1.3895878
1430,1.182623279634126,1.257706
1431,-0.06125962179643054,-0.0013474822
1432,1.1491563723933473,1.0060368
1433,-0.22138399923323562,-0.1411103
1434,2.592110405218155,2.327714
1435,0.17395593599723747,0.8538537
1436,0.8616214707995592,0.9393976
1437,-1.2300160511663434,-0.91966116
1438,-1.290341332481501,-0.91966116
1439,-0.5262422577611324,-0.565477
1440,0.14914614649341532,0.16092986
1441,1.224351364257621,1.2373834
1442,3.0194094476527824,1.7038577
1443,1.2602305259600324,1.2421095
1444,0.7196085853364005,0.60660034
1445,-0.22904663617379306,-0.05281055
1446,0.6975689414731275,0.93538034
1447,-1.2381291762953417,-0.91966116
1448,-0.37533383709650003,-0.34778696
1449,0.9798812743752301,0.9538125
1450,-0.3374986781638508,-0.31573308
1451,-1.3216131743056387,-0.91966116
1452,-0.018662829898111043,0.57089853
1453,1.164141131868808,1.1076497
1454,0.12762435708720063,0.59472775
1455,0.6430565762288485,0.8931645
1456,-0.7917438191216073,-0.71437
1457,-0.8511797083162668,-0.91966116
1458,-0.7126678465347525,-0.91966116
1459,-0.4670367633761078,-0.45171797
1460,0.6360429930440104,0.5152161
1461,-0.7569001807239205,-0.91966116
1462,0.02647799892558063,0.13741267
1463,-1.0888947061040268,-0.91966116
1464,0.03625281323620048,-0.18864584
1465,2.611868172189984,2.0753355
1466,-0.5922075023669927,-0.40210998
1467,-1.5791009720832094,-1.4135462
1468,-0.9628543885207987,-0.91966116
1469,-0.22711167240604827,0.04156506
1470,1.1039578047784377,1.159874
1471,-0.7913977477384893,-0.71437
1472,0.496384211087478,0.6152655
1473,-1.1569815487483832,-0.91966116
1474,-0.8255171072061975,-0.71437
1475,1.2493197245768954,1.0743301
1476,0.9568997535877289,0.9573571
1477,-0.2619284834850954,-0.3118528
1478,-1.198248118951291,-0.71437
1479,-0.04042322841854209,-0.24701577
1480,0.246980157547823,-0.08395922
1481,-0.17602664296621048,-0.3278798
1482,-0.3311890892710021,-0.15776801
1483,-0.4902376260640363,0.589629
1484,-0.6804011812854401,-0.91966116
1485,0.05843478256076424,0.046052635
1486,-0.1712269751646433,-0.2708513
1487,1.5377493782073606,1.593265
1488,-1.2114339222288926,-0.91966116
1489,2.980017111833064,1.6575412
1490,-0.9251657143736896,-0.91966116
1491,0.9931062432583672,1.026832
1492,-0.032984526933810376,0.12460148
1493,-1.6723351495440897,-1.4568623
1494,-0.4582583312435013,-0.277081
1495,-0.4670367633761078,-0.4039657
1496,0.8626960452418675,0.79066133
1497,0.02044885451640885,0.15830642
1498,-0.6492912699347596,-0.91966116
1499,2.543758613643177,2.9194322
1500,-0.748441271315532,-0.41391945
1501,0.6543771735493914,0.9460143
1502,-0.3642265223265945,-0.6141963
1503,-1.366861500556589,-0.91966116
1504,-0.19391784842871457,-0.08152151
1505,1.2132166298830427,1.0792927
1506,0.05843477980424376,0.023029685
1507,1.1565546101663047,1.227931
1508,-0.6471932822753703,-0.6360315
1509,-0.11914705917850868,-0.26407987
1510,-1.0764624953466544,-0.91966116
1511,-1.1332023999011689,-0.71437
1512,-1.2040336599628645,-0.91966116
1513,-0.5596299113867863,-0.43235803
1514,-1.4868724617149753,-1.461897
1515,-0.23493124293720924,-0.45435095
1516,0.11330266066708876,0.17873174
1517,-1.2364880473761404,-0.91966116
1518,-0.578728585358222,-0.91966116
1519,-0.6289725350368759,-0.92669296
1520,1.051375891464914,1.0530623
1521,-0.49388576004248746,-0.21830481
1522,1.1214277891904934,1.1740526
1523,1.083869934004138,1.0594426
1524,1.7642806884773614,1.8806169
1525,-0.4161275750515583,-0.71437
1526,-0.6923851147660243,-0.91966116
1527,-0.6250762295632196,-0.71437
1528,1.044068601094142,0.19080216
1529,1.0140857996342223,1.0452641
1530,0.7966403041229495,0.3189169
1531,-1.1925771742772693,-1.3918449
1532,-0.3059825122775623,-0.33850825
1533,-0.25653522516747546,-0.23225403
1534,1.1479705576462897,0.63836724
1535,-0.20043156005116514,-0.2793833
1536,-0.4294941228309019,-0.4787444
1537,-0.7903620358150567,-0.71437
1538,-0.0028120077593892004,-0.04576826
1539,-1.1401311442567714,-1.1507747
1540,-0.44974099814232543,-0.16900867
1541,-0.3963076272290568,-0.41037655
1542,-0.808499785927953,-0.71437
1543,0.800664376913282,0.54759866
1544,-0.037922124203041425,0.3430182
1545,-0.6231477807767878,-0.27911246
1546,1.4478190793004309,1.2827548
1547,-0.7048925213585248,-0.91966116
1548,-0.5051175347630266,-0.4501691
1549,-1.0371716605857582,-0.91966116
1550,1.034811260584608,1.032976
1551,-1.359224395114522,-1.4921056
1552,-0.7765703595201476,-0.91966116
1553,0.012207289535210485,0.11620492
1554,0.8449993465179715,1.1853955
1555,0.7756254638277027,0.81808954
1556,0.8873455785027584,0.94412374
1557,-1.3216131735260406,-0.91966116
1558,0.7367618578107633,0.95357615
1559,-1.0421092622901211,-0.91966116
1560,0.11330266066708876,0.1509983
1561,0.8368993467001048,1.2047727
1562,1.0882946748311366,1.1504216
1563,-0.3475985514697865,-0.5449555
1564,-0.10432574284199743,0.13543582
1565,0.8594601378307188,0.922856
1566,-0.9919798318943447,-0.91966116
1567,-0.05857064058621751,-0.08070892
1568,-0.6851347441756409,-0.71437
1569,-1.0663487244218453,-0.91966116
1570,-0.0639740935057683,-0.046309948
1571,0.10435274751077735,0.14612621
1572,0.598140949399414,0.42348167
1573,-1.339801770085091,-1.3938411
1574,1.0579594925542544,1.0896902
1575,-0.8953244538322077,-0.91966116
1576,0.8711504971051409,0.98311484
1577,-0.7517346767452622,-0.91966116
1578,0.9733970618177802,1.0081636
1579,-0.697322712114543,-0.44707155
1580,-0.9763863887987706,-0.91966116
1581,-0.8719437353574515,-0.71437
1582,-1.2397797480278403,-1.4487027
1583,-1.0811804609473066,-0.91966116
1584,0.10435275419396503,0.11728832
1585,2.9609184338395704,2.5281038
1586,-0.3169858045325612,-0.2536518
1587,-0.9197004077164604,-0.91966116
1588,-1.3967474872768622,-1.3835982
1589,-0.5446330766897384,-0.4707681
1590,0.8873455700561331,1.0076909
1591,-1.040453916440099,-0.91966116
1592,1.7124366271383107,1.3512845
1593,-1.7257493024366188,-1.3956641
1594,-0.5388475556811615,-0.36499488
1595,-0.6289725282851806,-0.4335971
1596,-0.8642584191735386,-0.71437
1597,0.518980052959047,0.7358437
1598,1.0394773358638527,0.99634814
1599,1.0306651431971616,1.2388012
1600,-0.4975809523777617,-0.27112216
1601,-0.39717939056490725,-0.24985981
1602,-0.6923851069973378,-0.45063388
1603,3.2073662363605906,2.484623
1604,-1.1320637365593644,-0.68705225
1605,-0.04042322841854209,0.14041087
1606,-0.4466112014282233,-0.3715744
1607,1.1626398243293288,1.0908718
1608,2.920046563443014,1.5516746
1609,-0.0941466005295704,-0.14165199
1610,4.256209047539743,1.573415
1611,-0.7973386058025921,-0.71437
1612,1.009626047116871,1.0315582
1613,0.01010931333836532,-0.045497358
1614,-1.7266541168173657,-1.3444371
1615,1.9427590647816049,2.7020278
1616,-0.18587429868060099,0.0016319752
1617,0.735092033635468,1.0485724
1618,0.08718077984164385,0.1283935
1619,0.03238282739403947,0.12297636
1620,1.0513758829964623,1.1768882
1621,-0.8048516597181867,-0.65200174
1622,-0.10244787841937865,-0.115920484
1623,1.0221883164823569,1.0258868
1624,-1.7386845129525756,-1.3900219
1625,-0.4015784637744617,-0.44923985
1626,-1.0690717874916758,-0.91966116
1627,-0.05857064058621751,-0.03764248
1628,1.2252600162509601,1.1749978
1629,-0.7126678465347525,-0.71437
1630,-0.7206602101017564,-0.36634457
1631,-1.1496382093371609,-0.91966116
1632,-0.952349735159103,-0.91966116
1633,1.1682296090192141,1.0459731
1634,1.2294626375672926,1.2430549
1635,-0.5550478357623481,-0.47123277
1636,-1.0213019932123273,-0.91966116
1637,-0.4637132363089787,-0.53999937
1638,-0.19520879291992183,0.23943931
1639,-0.2935565247805702,0.6152655
1640,-0.6451105528430502,-0.71437
1641,-0.12314304077706457,0.13769373
1642,-0.8701167889324216,-0.91966116
1643,-1.0531087309165823,-0.91966116
1644,1.015347361298576,1.2099717
1645,-0.6309407492083762,-0.57701564
1646,-0.7723325465435726,-0.91966116
1647,-0.8541784196320178,-0.91966116
1648,1.093132179029926,0.99493027
1649,-0.9777091450595418,-0.91966116
1650,-1.0412803903011598,-1.2048494
1651,0.8931901437270761,0.5765741
1652,-0.9724544186449673,-0.91966116
1653,0.1580761263049935,0.20198986
1654,-0.8850695607251835,-0.91966116
1655,-0.5887778322168548,-0.53210056
1656,-0.3203041981935373,-0.28195643
1657,1.8828404113722323,1.8239027
1658,-0.9797047799149139,-0.91966116
1659,1.170068872842425,1.0970159
1660,-0.8255171106026208,-0.91966116
1661,-1.3882826018349952,-0.91966116
1662,-0.7703975751968104,-0.91966116
1663,0.6757583022995481,0.602435
1664,-0.46371323040040174,-0.4455229
1665,0.6858785821987057,0.5955188
1666,-0.18839004138517018,-0.11321193
1667,-0.8041275783345053,-0.71437
1668,0.1372397329271051,0.1792002
1669,-0.26301943380006043,-0.24444258
1670,-0.3243377004291312,-0.28907764
1671,-0.6369278790286618,-0.71437
1672,-0.4738018189402004,-0.056602538
1673,-0.74430370591447,-0.91966116
1674,2.0348522647097793,2.2917948
1675,-1.0092105416510102,-0.91966116
1676,1.2758548024078338,1.2388012
1677,1.066508609070777,1.0722034
1678,0.3095906283410691,-0.11619663
1679,-0.8302311887793107,-0.71437
1680,-0.19477783116111796,0.64881116
1681,-1.0437742289015643,-0.91966116
1682,-1.1165802882602969,-0.91966116
1683,1.1299896769103581,1.3200917
1684,0.7213708926498092,0.89757085
1685,-1.3855156926285594,-0.91966116
1686,-0.6556790597107075,-0.91966116
1687,-0.680401186811952,-0.4487753
1688,-0.8822057965135295,-0.60017
1689,-0.23493124952273986,-0.26922613
1690,-0.3490709122505717,-0.28033125
1691,0.20755388221132193,0.16458392
1692,0.985524295083861,0.880793
1693,-0.419883353956771,-0.40042293
1694,-0.360361766846692,-0.21830481
1695,0.13315833572085867,-0.030058444
1696,1.0004926272323378,0.6152655
1697,-1.053972604979455,0.47153333
1698,-0.954175723313455,-0.91966116
1699,2.501424451535426,1.8777813
1700,-0.7865961544323182,-0.91966116
1701,1.0997702950531658,1.1197015
1702,-0.6231477775977883,-0.71437
1703,-1.5952468420003978,-1.4290844
1704,1.3310084675440046,1.281337
1705,2.4100081447951833,1.7255981
1706,-1.369453126540288,-1.4113761
1707,-1.2749618500701898,-0.91966116
1708,-0.032984526933810376,-0.193115
1709,0.8902827709643236,0.85007274
1710,-0.9457523508791099,-0.91966116
1711,-0.4024664354928445,-0.19460475
1712,-1.3720684327049448,-1.187558
1713,0.0790214068758182,0.15643254
1714,0.9805927630261257,0.9833511
1715,-1.2129372002190832,-0.91966116
1716,-1.6033797141019486,-1.3982686
1717,1.1419666853787396,0.9913856
1718,-1.2923231676206692,-1.4336852
1719,0.6312699729492594,0.8420235
1720,-0.9246144640789644,-0.91966116
1721,-0.5596299113867863,-0.71437
1722,-0.018662829898111043,-0.05768597
1723,1.1580880744441728,1.2369108
1724,-1.0539725999386231,-0.91966116
1725,-0.2799029390234876,-0.07447922
1726,0.7013620269042526,0.39887345
1727,1.0508203698533598,1.0963069
1728,-0.4670367724752664,-0.587857
1729,-0.8559061664905628,-0.91966116
1730,0.7770754647964608,0.8407413
1731,-1.1775373729060927,-0.91966116
1732,1.1057994447889035,1.0410105
1733,-0.7288820305455387,-0.71437
1734,0.9163347231019049,0.90158814
1735,-1.3747078545066327,-0.91966116
1736,-0.6027500683827204,-0.43204832
1737,1.0848591362024467,1.1612918
1738,-0.095665829740772,0.5670005
1739,1.0622659573015567,1.0625147
1740,-1.1870163386846222,-0.91966116
1741,1.1747964287478412,1.2893715
1742,-0.36344938742721244,-0.3940122
1743,-0.23295624176658142,-0.13596392
1744,-0.08111389530819986,0.0417189
1745,2.6757706912925023,2.9818177
1746,-0.23443621243364518,-0.45760345
1747,-0.28281623584408566,-0.39603662
1748,-0.2747325747163184,0.13265932
1749,0.9910582532997887,0.33310044
1750,1.0680835359749505,0.4776948
1751,-0.37533383709650003,-0.25961065
1752,0.864833172730674,1.0128897
1753,-1.4892359585371884,-1.4037372
1754,0.6695098966114902,0.8358121
1755,0.896068296196663,0.9623196
1756,-0.748441271315532,-0.6019317
1757,0.1593294088900471,0.13909915
1758,-1.364293086771851,-0.91966116
1759,-0.9018618139605079,-0.91966116
1760,0.6898286389917729,0.78955287
1761,-1.4187642221337087,-0.91966116
1762,0.9848249793282333,0.98949516
1763,-0.7100525432671629,-0.56807125
1764,-0.7684755993907324,-0.71437
1765,0.3886258607399841,1.1490037
1766,1.0178539334033356,1.0388837
1767,-0.050651959994038084,0.011653662
1768,0.9393936664774218,0.91789347
1769,0.9127549985124837,1.0903991
1770,0.4567644414637646,0.19914702
1771,-0.05857064058621751,-0.027891576
1772,1.005095733212875,2.0460334
1773,-1.202576271543492,-0.91966116
1774,-0.7428403733744608,-0.91966116
1775,0.0058666645813609105,-0.006493807
1776,-0.4784023039747346,-0.5127405
1777,1.156169966809015,1.1010331
1778,-0.48307790227923414,-0.21573162
1779,1.1021042375912409,1.0584974
1780,0.7481856925500692,0.33413953
1781,-0.4285183977591237,0.038739502
1782,-1.075528158352483,-0.91966116
1783,0.9820104726492475,1.013835
1784,-0.4760928234363776,-0.27207017
1785,0.430353945363479,0.46391442
1786,1.3472610006109986,1.5148103
1787,0.12198134351197601,0.1572758
1788,-0.8358308648478352,-0.91966116
1789,0.9931062432583672,0.87476707
1790,0.9163347231019049,0.9287637
1791,-1.4453173128623953,-1.4044317
1792,1.1939765275759109,1.2808642
1793,1.1304111251610796,1.1334074
1794,0.9198702465355915,0.9954029
1795,-0.9008462929584815,-0.71437
1796,-0.5820393087354866,-0.58247507
1797,-1.0938238128971336,-0.91966116
1798,0.7828031309548283,0.16586491
1799,0.47808186498223243,-0.23252487
1800,0.9082164877583347,-0.91966116
1801,-0.8133129082115473,-0.91966116
1802,0.0015601998340584976,0.030342877
1803,0.9614940850326327,0.984769
1804,0.8550879302372711,1.0287225
1805,1.0221883258594406,1.0705492
1806,0.8658957852893866,1.0277772
1807,0.6652672478544858,0.13459343
1808,1.1499442051728435,1.5029949
1809,2.92166908356054,2.8891845
1810,-0.7832150757872902,-0.91966116
1811,-0.7879598583283403,-0.91966116
1812,-0.8494801609711546,-0.91966116
1813,-0.9148692284567839,-0.91966116
1814,-0.35806770769794133,-0.54619443
1815,1.044637367983546,1.0518807
1816,1.2391314140735052,1.237856
1817,-0.23542712883545294,-0.27735186
1818,-1.095819458845529,-0.91966116
1819,1.0037880881568966,1.0653504
1820,1.0768481351307733,0.9757892
1821,-0.13407990016885862,-0.26055866
1822,-0.7703975751968104,-0.71437
1823,0.7367618625742672,0.9209655
1824,0.3903054840164938,0.5514782
1825,-0.9718043054980599,-0.91966116
1826,1.2261657781498814,1.3337976
1827,1.273309238671905,1.2043002
1828,-0.6045455227573017,-0.32163775
1829,0.6061333258839388,0.8507817
1830,-1.3445353138467395,-1.4028691
1831,0.3869363552955319,0.20181727
1832,-0.07794631646330695,0.0035279393
1833,0.8517644031701418,0.33097893
1834,-0.8431951731933319,-0.91966116
1835,-0.6578403849908145,-0.91966116
1836,-0.8678493627925399,-0.91966116
1837,-0.569020077572798,-0.3629704
1838,0.8333565232366548,0.90536904
1839,-0.800891679447315,-0.71437
1840,-0.8052143878276058,-0.91966116
1841,1.1103523870268348,0.96184695
